distance_km,duration_minutes,pace,average_cadence,average_heartrate,cluster
42.2,240.5,5.4,172.0,155.0,0
42.2,212.0,5.0,184.0,159.0,0
42.2,239.0,5.58,168.0,151.0,0
42.2,250.7,5.54,171.0,149.0,0
42.2,246.0,5.48,183.0,140.0,0
42.2,217.0,5.06,178.0,148.0,0
21.1,228.4,10.45,149.0,139.0,0
42.2,245.0,5.47,168.0,138.0,0
42.2,265.32,6.14,174.0,152.0,0
21.1,231.0,11.3,160.0,134.0,0
42.2,262.0,6.1,169.0,146.0,0
42.2,243.7,5.44,191.0,150.0,0
42.2,242.0,5.42,179.0,160.0,0
21.1,215.0,10.07,159.0,137.0,0
42.2,260.0,6.08,180.0,154.0,0
42.2,209.0,4.55,187.0,163.0,0
42.2,238.9,5.38,186.0,154.0,0
42.2,249.3,5.52,177.0,153.0,0
42.2,261.0,6.08,183.0,138.0,0
42.2,236.0,5.34,183.0,154.0,0
42.2,242.0,5.45,179.0,153.0,0
42.2,250.8,5.55,170.0,148.0,0
21.1,247.4,11.39,148.0,128.0,0
42.2,247.5,5.5,173.0,150.0,0
42.2,243.9,5.45,178.0,157.0,0
42.2,232.85,5.3,185.0,162.0,0
42.2,254.0,5.59,169.0,148.0,0
42.2,262.7,6.1,177.0,154.0,0
42.2,247.5,5.5,173.0,148.0,0
42.2,240.5,5.59,180.0,165.0,0
21.1,189.0,8.53,165.0,139.0,0
42.2,239.4,5.39,165.0,148.0,0
42.2,239.0,5.38,175.0,139.0,0
42.2,210.0,4.57,179.0,149.0,0
42.2,239.0,5.37,180.0,162.0,0
42.2,216.0,5.05,184.0,149.0,0
21.1,230.7,10.52,150.0,138.0,0
21.1,239.5,11.16,150.0,135.0,0
42.2,254.9,5.59,179.0,153.0,0
42.2,243.0,6.04,163.0,149.0,0
42.2,245.3,5.48,167.0,149.0,0
42.2,239.5,5.38,182.0,157.0,0
42.2,260.0,6.08,160.0,148.0,0
42.2,257.0,6.03,177.0,153.0,0
21.1,222.0,10.27,154.0,135.0,0
42.2,214.0,5.03,172.0,164.0,0
42.2,212.0,5.0,177.0,152.0,0
42.2,212.0,4.59,182.0,152.0,0
21.1,220.9,10.25,151.0,136.0,0
42.2,236.0,5.53,162.0,131.0,0
42.2,261.25,6.09,178.0,138.0,0
42.2,248.1,5.5,170.0,152.0,0
42.2,242.3,5.42,180.0,155.0,0
42.2,250.0,5.53,178.0,138.0,0
42.2,239.3,5.4,180.0,134.0,0
42.2,260.2,6.08,177.0,145.0,0
42.2,210.0,4.57,180.0,154.0,0
21.1,242.8,11.24,149.0,134.0,0
42.2,240.0,5.39,173.0,152.0,0
42.2,216.0,5.05,174.0,166.0,0
42.2,218.0,5.08,173.0,150.0,0
42.2,215.0,5.04,180.0,149.0,0
21.1,247.9,11.4,149.0,129.0,0
42.2,223.0,5.15,172.0,151.0,0
21.1,216.3,10.11,151.0,129.0,0
42.2,241.0,5.41,184.0,155.0,0
42.2,239.8,5.57,180.0,166.0,0
42.2,258.3,6.05,177.0,155.0,0
21.1,246.0,12.15,164.0,133.0,0
42.2,254.0,5.59,180.0,154.0,0
42.2,241.5,5.42,170.0,150.0,0
42.2,250.5,5.55,170.0,148.0,0
42.2,251.0,5.55,178.0,154.0,0
21.1,234.0,11.41,157.0,131.0,0
42.2,247.9,5.5,184.0,153.0,0
21.1,193.0,9.38,149.0,109.0,0
42.2,261.4,6.09,177.0,146.0,0
42.2,246.4,5.49,175.0,152.0,0
42.2,261.0,6.09,177.0,138.0,0
42.2,245.8,5.47,167.0,148.0,0
50.0,211.2,4.13,185.0,155.0,0
42.2,257.6,6.04,177.0,155.0,0
50.0,211.1,4.13,185.0,155.0,0
42.2,251.0,5.56,172.0,157.0,0
21.1,232.0,11.33,150.0,124.0,0
42.2,219.0,5.08,170.0,149.0,0
42.2,229.0,5.24,184.0,157.0,0
42.2,210.0,4.56,177.0,145.0,0
21.1,249.7,11.46,149.0,130.0,0
42.2,219.0,5.09,173.0,147.0,0
42.2,263.0,6.11,163.0,146.0,0
42.2,239.0,5.4,180.0,134.0,0
42.2,242.0,6.02,176.0,146.0,0
42.2,210.0,4.57,180.0,147.0,0
42.2,241.0,5.41,172.0,154.0,0
42.2,240.5,5.4,180.0,159.0,0
42.2,239.0,5.57,178.0,149.0,0
42.2,239.4,5.38,184.0,160.0,0
42.2,238.8,5.38,182.0,153.0,0
42.2,219.0,5.09,175.0,147.0,0
10.2,66.3,5.25,174.0,150.0,1
10.0,69.8,6.58,163.0,155.0,1
10.0,76.0,7.36,154.0,135.0,1
10.0,68.3,6.5,148.0,137.0,1
10.0,52.8,5.17,173.0,145.0,1
10.0,64.9,6.29,172.0,151.0,1
10.0,55.2,5.31,177.0,155.0,1
10.0,62.5,6.15,171.0,150.0,1
10.0,74.0,7.24,149.0,142.0,1
10.0,60.6,6.04,161.0,138.0,1
10.0,65.4,6.32,166.0,135.0,1
10.0,54.2,5.25,182.0,133.0,1
10.0,82.5,8.15,146.0,132.0,1
10.0,52.5,5.15,180.0,155.0,1
10.0,74.9,7.29,139.0,120.0,1
10.0,49.5,4.57,181.0,124.0,1
10.0,66.1,6.36,163.0,129.0,1
10.0,55.2,5.31,177.0,135.0,1
10.0,64.0,6.22,169.0,146.0,1
10.0,82.0,8.12,163.0,140.0,1
10.0,55.0,5.3,182.0,134.0,1
10.0,70.2,7.02,160.0,139.0,1
10.0,69.4,6.56,164.0,155.0,1
10.0,69.8,6.58,152.0,124.0,1
10.0,61.4,6.08,157.0,137.0,1
9.8,59.2,6.22,174.0,151.0,1
10.1,62.0,5.06,173.0,150.0,1
10.0,73.0,7.18,146.0,138.0,1
10.0,54.6,5.27,184.0,150.0,1
10.0,77.2,7.42,162.0,148.0,1
10.05,65.0,5.24,172.0,149.0,1
10.05,62.31,6.31,172.0,150.0,1
10.0,69.7,6.56,154.0,133.0,1
10.0,59.8,5.59,175.0,147.0,1
10.0,64.9,6.31,160.0,159.0,1
21.1,95.0,4.29,176.0,145.0,1
10.1,74.95,7.48,156.0,131.0,1
10.0,55.2,5.3,185.0,155.0,1
10.0,81.5,8.1,163.0,140.0,1
10.1,62.0,5.0,174.0,152.0,1
10.0,55.7,5.34,182.0,155.0,1
10.0,59.0,5.54,177.0,150.0,1
10.0,66.0,6.36,173.0,149.0,1
10.0,83.0,8.18,161.0,142.0,1
10.0,80.9,8.05,151.0,136.0,1
10.0,61.2,6.07,157.0,137.0,1
21.1,98.1,4.38,180.0,150.0,1
21.1,97.48,4.51,170.0,154.0,1
10.0,79.7,7.57,154.0,127.0,1
10.0,64.9,6.29,154.0,132.0,1
10.0,76.4,7.4,150.0,137.0,1
10.0,76.5,7.39,151.0,146.0,1
10.0,64.8,6.28,173.0,151.0,1
10.05,70.1,6.57,167.0,140.0,1
10.0,59.0,5.54,180.0,146.0,1
10.0,64.1,5.21,170.0,148.0,1
10.04,64.1,5.19,171.0,149.0,1
10.0,75.5,7.33,160.0,145.0,1
10.0,66.0,6.36,174.0,154.0,1
5.0,41.8,8.2,148.0,125.0,1
10.0,70.2,6.58,149.0,124.0,1
10.0,66.5,6.39,146.0,136.0,1
10.0,87.1,8.41,150.0,123.0,1
10.0,52.9,5.18,180.0,155.0,1
10.0,60.3,6.03,155.0,134.0,1
10.0,75.6,7.34,153.0,134.0,1
10.16,62.5,6.08,172.0,149.0,1
10.0,94.9,9.29,156.0,137.0,1
10.0,70.2,7.0,165.0,132.0,1
10.0,66.6,6.39,161.0,137.0,1
10.0,67.0,6.42,163.0,136.0,1
10.0,59.0,5.54,164.0,141.0,1
10.0,70.7,7.05,154.0,142.0,1
10.0,62.9,5.15,172.0,148.0,1
10.0,64.3,6.25,171.0,128.0,1
10.0,50.3,5.01,174.0,139.0,1
10.0,60.8,6.05,175.0,149.0,1
10.0,70.3,7.01,153.0,134.0,1
10.0,64.5,6.28,152.0,132.0,1
21.1,98.5,4.38,184.0,133.0,1
10.0,65.2,6.32,155.0,160.0,1
5.0,43.5,8.42,144.0,108.0,1
10.0,54.8,5.28,187.0,155.0,1
21.1,92.5,4.36,183.0,143.0,1
10.1,71.0,5.52,140.0,125.0,1
10.0,81.9,8.11,166.0,142.0,1
10.0,65.0,6.3,171.0,150.0,1
10.0,65.8,6.34,172.0,134.0,1
10.0,67.8,6.46,160.0,138.0,1
10.08,68.0,6.43,172.0,142.0,1
10.0,65.1,6.3,171.0,132.0,1
10.0,83.1,8.18,158.0,159.0,1
10.0,66.2,6.38,154.0,161.0,1
10.0,59.8,5.58,183.0,150.0,1
10.0,65.5,6.33,150.0,140.0,1
10.0,65.6,6.33,154.0,123.0,1
10.0,65.85,6.31,173.0,152.0,1
5.0,43.0,8.36,150.0,134.0,1
10.0,54.0,5.24,153.0,141.0,1
10.0,55.2,5.31,184.0,154.0,1
50.0,607.8,12.08,149.0,124.0,2
50.0,585.0,11.42,154.0,128.0,2
50.0,615.8,12.18,137.0,130.0,2
50.0,610.0,12.12,152.0,126.0,2
50.0,602.0,12.02,151.0,130.0,2
50.0,605.0,12.06,157.0,131.0,2
42.2,550.25,12.57,160.0,135.0,2
50.0,605.0,12.06,149.0,129.0,2
50.0,610.0,12.12,149.0,135.0,2
50.0,600.0,12.0,160.0,140.0,2
50.0,620.0,12.24,153.0,128.0,2
50.0,610.0,12.12,154.0,129.0,2
50.0,580.0,11.36,153.0,138.0,2
42.2,595.0,14.02,136.0,130.0,2
42.2,558.0,13.08,152.0,135.0,2
50.0,620.0,12.24,152.0,121.0,2
50.0,630.0,12.36,153.0,130.0,2
50.0,620.0,12.24,161.0,137.0,2
50.0,625.0,12.3,147.0,127.0,2
50.0,605.0,12.06,150.0,120.0,2
50.0,615.0,12.18,157.0,123.0,2
42.2,610.0,15.12,162.0,137.0,2
50.0,595.0,11.54,151.0,135.0,2
50.0,612.4,12.15,173.0,142.0,2
42.2,605.0,14.15,152.0,124.0,2
50.0,610.0,12.12,157.0,129.0,2
50.0,565.0,11.18,165.0,144.0,2
50.0,610.0,1.13,167.0,147.0,2
50.0,558.0,11.09,171.0,138.0,2
50.0,552.0,11.02,168.0,149.0,2
50.0,607.7,12.1,173.0,142.0,2
50.0,610.7,12.12,167.0,138.0,2
50.0,601.5,12.01,150.0,124.0,2
50.0,615.0,12.18,151.0,130.0,2
50.0,600.0,12.0,160.0,134.0,2
50.0,605.0,12.06,156.0,130.0,2
50.0,607.0,12.08,130.0,124.0,2
42.2,625.0,15.35,159.0,138.0,2
50.0,615.0,12.18,157.0,131.0,2
50.0,600.0,12.0,155.0,125.0,2
42.2,560.0,13.11,151.0,136.0,2
50.0,610.0,12.12,152.0,122.0,2
50.0,605.0,12.06,150.0,109.0,2
50.0,620.0,12.24,164.0,128.0,2
50.0,598.0,11.57,160.0,140.0,2
50.0,620.0,12.24,153.0,128.0,2
42.2,610.0,15.12,160.0,140.0,2
50.0,605.7,12.07,172.0,141.0,2
50.0,605.0,1.12,165.0,146.0,2
42.2,574.0,13.3,138.0,136.0,2
42.2,558.0,13.08,151.0,136.0,2
50.0,605.0,12.06,154.0,130.0,2
50.0,580.0,11.36,153.0,133.0,2
50.0,610.0,12.12,148.0,132.0,2
50.0,575.0,11.3,164.0,147.0,2
50.0,610.0,12.12,160.0,137.0,2
42.2,595.0,14.51,160.0,139.0,2
50.0,620.0,12.24,165.0,138.0,2
50.0,600.0,12.0,162.0,129.0,2
50.0,620.0,12.24,161.0,136.0,2
50.0,598.0,11.58,131.0,125.0,2
50.0,595.0,11.54,151.0,131.0,2
50.0,590.0,11.48,172.0,144.0,2
50.0,605.0,12.06,149.0,129.0,2
50.0,605.0,12.06,154.0,128.0,2
50.0,550.75,11.02,161.0,141.0,2
50.0,607.4,12.07,166.0,137.0,2
50.0,589.0,11.46,149.0,124.0,2
50.0,615.3,12.18,165.0,139.0,2
50.0,600.0,12.0,150.0,130.0,2
50.0,560.0,11.12,149.0,137.0,2
50.0,607.2,12.08,139.0,132.0,2
50.0,611.2,12.13,138.0,130.0,2
50.0,610.0,12.12,151.0,136.0,2
50.0,601.0,12.02,162.0,139.0,2
50.0,620.0,12.24,150.0,124.0,2
50.0,595.0,11.54,154.0,138.0,2
50.0,620.0,12.24,156.0,123.0,2
50.0,599.0,11.58,130.0,124.0,2
50.0,548.0,10.57,172.0,138.0,2
50.0,600.0,12.0,150.0,124.0,2
50.0,620.0,12.24,148.0,128.0,2
42.2,610.0,14.21,152.0,129.0,2
42.2,605.0,15.05,159.0,139.0,2
42.2,610.0,14.47,162.0,142.0,2
50.0,620.0,12.24,150.0,131.0,2
50.0,585.0,11.42,163.0,128.0,2
50.0,560.2,11.1,160.0,140.0,2
50.0,605.0,12.06,161.0,132.0,2
50.0,595.0,11.54,160.0,139.0,2
50.0,620.0,12.24,155.0,132.0,2
42.2,635.0,14.56,149.0,126.0,2
50.0,600.0,12.0,155.0,125.0,2
50.0,565.0,11.18,148.0,138.0,2
50.0,620.0,12.24,152.0,122.0,2
50.0,565.0,11.18,166.0,144.0,2
50.0,610.0,12.12,155.0,129.0,2
50.0,615.0,12.18,148.0,132.0,2
42.2,605.0,15.05,159.0,139.0,2
50.0,620.0,12.24,159.0,134.0,2
42.2,340.0,8.01,164.0,138.0,3
42.2,340.9,8.02,172.0,148.0,3
50.0,338.0,6.45,169.0,155.0,3
50.0,329.0,6.35,160.0,140.0,3
42.2,360.0,8.29,152.0,132.0,3
50.0,330.0,6.36,161.0,138.0,3
42.2,328.0,7.43,162.0,134.0,3
50.0,339.0,6.46,177.0,152.0,3
42.2,338.0,7.58,158.0,138.0,3
42.2,380.0,8.58,159.0,136.0,3
42.2,367.3,8.4,148.0,135.0,3
42.2,373.2,8.47,166.0,144.0,3
50.0,331.0,6.37,167.0,147.0,3
42.2,347.8,8.11,170.0,150.0,3
50.0,339.0,6.46,185.0,154.0,3
50.0,341.8,6.49,174.0,142.0,3
42.2,336.0,7.54,159.0,134.0,3
42.2,358.0,8.25,159.0,147.0,3
42.2,339.0,7.59,148.0,132.0,3
42.2,340.0,8.01,159.0,136.0,3
42.2,375.0,8.5,160.0,135.0,3
42.2,385.0,9.06,162.0,137.0,3
42.2,336.0,7.55,159.0,134.0,3
42.2,372.5,8.46,166.0,144.0,3
42.2,340.5,8.02,158.0,134.0,3
42.2,332.0,7.49,165.0,135.0,3
42.2,344.4,8.07,172.0,151.0,3
50.0,344.0,6.52,149.0,119.0,3
42.2,381.7,9.0,154.0,139.0,3
50.0,332.0,6.38,183.0,159.0,3
50.0,359.45,7.12,160.0,138.0,3
42.2,337.0,7.56,157.0,135.0,3
42.2,377.0,8.52,160.0,136.0,3
42.2,340.0,8.01,171.0,149.0,3
50.0,360.0,7.12,160.0,136.0,3
42.2,370.0,8.43,161.0,145.0,3
42.2,379.0,8.55,153.0,138.0,3
50.0,334.0,6.4,171.0,136.0,3
50.0,371.5,7.25,186.0,145.0,3
42.2,385.0,9.04,154.0,149.0,3
42.2,359.7,8.27,152.0,132.0,3
42.2,330.0,7.49,165.0,135.0,3
42.2,360.0,8.29,152.0,132.0,3
42.2,332.0,7.49,172.0,151.0,3
50.0,329.0,6.34,172.0,157.0,3
42.2,385.0,9.05,154.0,131.0,3
50.0,327.0,6.32,162.0,139.0,3
50.0,335.0,6.41,187.0,154.0,3
50.0,330.0,6.36,180.0,156.0,3
42.2,330.0,7.5,165.0,135.0,3
50.0,340.0,6.48,182.0,138.0,3
50.0,370.4,7.24,184.0,145.0,3
50.0,333.0,6.39,170.0,135.0,3
42.2,355.0,8.21,159.0,147.0,3
50.0,345.0,6.54,161.0,138.0,3
42.2,347.0,8.1,157.0,134.0,3
42.2,377.0,8.52,163.0,145.0,3
42.2,338.4,7.58,171.0,148.0,3
50.0,330.0,6.36,180.0,155.0,3
50.0,374.0,7.28,174.0,137.0,3
42.2,362.0,8.32,151.0,133.0,3
42.2,358.0,8.25,153.0,138.0,3
50.0,368.5,7.22,182.0,147.0,3
42.2,385.0,9.06,152.0,138.0,3
50.0,358.0,7.09,162.0,140.0,3
42.2,335.0,7.53,168.0,134.0,3
50.0,338.0,6.45,173.0,157.0,3
42.2,384.0,9.03,154.0,139.0,3
42.2,338.0,7.57,159.0,134.0,3
42.2,372.0,8.45,160.0,146.0,3
50.0,380.8,7.38,183.0,144.0,3
50.0,360.0,7.12,165.0,160.0,3
50.0,331.0,6.37,172.0,157.0,3
50.0,330.0,6.36,159.0,139.0,3
42.2,342.0,8.04,160.0,135.0,3
50.0,349.0,6.58,179.0,139.0,3
50.0,371.0,7.25,174.0,152.0,3
42.2,338.0,7.57,160.0,135.0,3
50.0,355.0,7.06,167.0,162.0,3
50.0,340.0,6.48,165.0,160.0,3
50.0,330.0,6.36,164.0,159.0,3
42.2,360.0,8.31,150.0,140.0,3
50.0,340.0,6.48,162.0,137.0,3
50.0,378.0,7.32,174.0,155.0,3
42.2,346.0,8.08,169.0,151.0,3
50.0,345.0,6.54,182.0,157.0,3
50.0,340.0,6.48,185.0,155.0,3
42.2,345.0,8.08,171.0,150.0,3
50.0,329.0,6.35,160.0,138.0,3
42.2,347.0,8.1,150.0,129.0,3
50.0,348.0,6.57,146.0,122.0,3
50.0,340.6,6.49,175.0,142.0,3
42.2,342.0,8.03,159.0,134.0,3
50.0,340.0,6.48,170.0,132.0,3
42.2,377.5,8.54,160.0,143.0,3
50.0,333.0,6.39,171.0,156.0,3
42.2,355.0,8.22,163.0,136.0,3
50.0,375.0,7.3,166.0,131.0,3
50.0,337.0,6.44,181.0,155.0,3
50.0,362.0,7.14,172.0,129.0,3
50.0,495.0,9.54,150.0,130.0,4
50.0,480.0,9.36,150.0,135.0,4
42.2,477.0,11.54,161.0,130.0,4
50.0,540.0,10.48,170.0,150.0,4
50.0,455.0,9.06,149.0,125.0,4
42.2,485.0,11.25,150.0,134.0,4
50.0,531.0,10.37,159.0,137.0,4
42.2,540.0,12.46,150.0,135.0,4
42.2,505.0,12.36,153.0,138.0,4
50.0,505.0,10.06,162.0,127.0,4
50.0,541.0,10.48,169.0,149.0,4
50.0,500.7,10.01,170.0,148.0,4
50.0,470.0,9.24,158.0,124.0,4
50.0,464.6,9.18,170.0,148.0,4
42.2,460.0,10.14,153.0,136.0,4
50.0,469.0,9.21,173.0,153.0,4
42.2,460.0,10.51,158.0,128.0,4
42.2,495.0,10.23,154.0,138.0,4
50.0,537.0,10.44,171.0,152.0,4
50.0,540.0,10.48,152.0,134.0,4
50.0,520.0,10.24,164.0,128.0,4
42.2,480.0,11.19,148.0,131.0,4
50.0,464.0,9.16,177.0,154.0,4
50.0,470.0,9.24,153.0,133.0,4
42.2,465.0,10.58,159.0,129.0,4
50.0,478.0,9.33,150.0,125.0,4
50.0,515.0,10.18,165.0,129.0,4
50.0,472.0,9.26,159.0,125.0,4
50.0,470.0,9.24,154.0,134.0,4
42.2,460.0,10.49,153.0,133.0,4
50.0,505.0,10.06,147.0,138.0,4
42.2,475.0,11.11,149.0,133.0,4
50.0,543.0,10.51,169.0,149.0,4
42.2,540.0,12.46,150.0,136.0,4
50.0,545.0,10.54,167.0,135.0,4
50.0,488.0,9.45,152.0,125.0,4
50.0,518.0,10.21,154.0,134.0,4
42.2,470.0,11.05,150.0,134.0,4
50.0,495.0,9.54,163.0,125.0,4
50.0,469.0,9.22,150.0,124.0,4
50.0,469.0,9.21,173.0,155.0,4
50.0,518.0,10.21,154.0,134.0,4
42.2,488.0,11.29,160.0,135.0,4
50.0,510.0,10.12,163.0,128.0,4
42.2,481.7,11.22,154.0,125.0,4
50.0,469.0,9.21,173.0,155.0,4
50.0,480.0,9.36,160.0,125.0,4
42.2,480.0,11.19,150.0,134.0,4
50.0,467.0,9.2,174.0,153.0,4
50.0,473.0,9.27,161.0,125.0,4
50.0,480.0,9.36,147.0,123.0,4
42.2,540.9,12.44,162.0,134.0,4
50.0,462.0,9.13,178.0,153.0,4
50.0,465.0,9.18,177.0,154.0,4
50.0,470.0,9.24,151.0,134.0,4
42.2,470.0,11.06,160.0,130.0,4
50.0,482.0,9.38,151.0,125.0,4
50.0,533.0,10.4,160.0,138.0,4
50.0,470.0,9.24,148.0,127.0,4
42.2,462.0,11.31,150.0,136.0,4
50.0,525.0,10.3,157.0,136.0,4
42.2,472.0,11.46,149.0,136.0,4
42.2,483.0,11.23,160.0,135.0,4
42.2,480.8,11.2,154.0,125.0,4
50.0,540.4,10.48,164.0,155.0,4
42.2,474.0,11.49,147.0,138.0,4
50.0,510.0,10.12,164.0,139.0,4
50.0,460.0,9.12,149.0,124.0,4
50.0,470.0,9.24,153.0,133.0,4
42.2,475.0,11.51,161.0,131.0,4
50.0,510.0,10.12,150.0,132.0,4
50.0,520.0,10.24,164.0,137.0,4
42.2,538.0,12.39,162.0,134.0,4
50.0,505.0,10.06,150.0,130.0,4
50.0,505.0,10.06,152.0,131.0,4
42.2,482.0,12.01,147.0,138.0,4
42.2,485.0,12.08,162.0,132.0,4
42.2,468.0,11.02,159.0,129.0,4
50.0,468.0,9.21,174.0,153.0,4
50.0,475.0,9.3,152.0,134.0,4
42.2,486.0,11.27,159.0,136.0,4
50.0,536.0,10.43,172.0,151.0,4
50.0,545.0,10.54,170.0,150.0,4
50.0,530.0,10.36,165.0,137.0,4
42.2,482.7,11.23,154.0,125.0,4
50.0,480.0,9.36,150.0,125.0,4
42.2,479.0,11.56,148.0,137.0,4
50.0,490.0,9.48,149.0,127.0,4
50.0,500.0,10.0,150.0,136.0,4
42.2,455.0,10.43,161.0,136.0,4
50.0,467.0,9.2,175.0,155.0,4
50.0,455.0,9.06,149.0,125.0,4
50.0,534.0,10.4,170.0,150.0,4
50.0,485.0,9.42,151.0,134.0,4
50.0,470.0,9.24,150.0,127.0,4
42.2,486.2,11.29,152.0,123.0,4
42.2,461.0,11.29,150.0,134.0,4
42.2,490.0,11.32,149.0,137.0,4
50.0,460.0,9.12,157.0,123.0,4
42.2,455.0,10.44,157.0,129.0,4
21.1,148.5,6.59,173.0,147.0,5
21.1,125.9,5.55,172.0,149.0,5
10.0,152.0,15.12,147.0,122.0,5
21.1,111.8,5.16,177.0,147.0,5
21.1,167.0,7.52,160.0,138.0,5
21.1,116.2,5.3,177.0,153.0,5
21.1,107.1,5.2,181.0,154.0,5
21.1,130.0,6.1,175.0,150.0,5
10.0,112.9,11.17,147.0,131.0,5
21.1,179.0,8.55,162.0,141.0,5
21.1,120.9,6.02,172.0,149.0,5
21.1,115.12,5.25,172.0,149.0,5
21.1,179.2,8.26,162.0,142.0,5
21.1,184.2,8.4,150.0,130.0,5
21.1,105.2,4.57,179.0,143.0,5
21.1,99.0,4.4,182.0,157.0,5
21.1,159.0,7.29,166.0,154.0,5
21.1,150.8,7.3,175.0,146.0,5
21.1,180.2,8.29,150.0,130.0,5
21.1,182.7,8.36,152.0,138.0,5
21.1,171.0,8.04,158.0,139.0,5
21.1,165.7,7.48,169.0,135.0,5
21.1,127.5,6.0,174.0,147.0,5
21.1,116.8,5.49,173.0,150.0,5
21.1,132.0,6.13,160.0,136.0,5
21.1,185.2,9.14,153.0,134.0,5
21.1,129.0,6.04,172.0,152.0,5
21.1,112.7,5.18,181.0,149.0,5
21.1,109.03,5.08,177.0,164.0,5
21.1,111.89,5.16,170.0,147.0,5
21.1,103.0,4.5,183.0,156.0,5
21.1,127.3,6.21,173.0,147.0,5
21.1,139.4,6.57,172.0,149.0,5
21.1,151.8,7.34,177.0,148.0,5
21.1,184.2,9.1,160.0,133.0,5
21.1,154.3,7.41,170.0,149.0,5
21.1,175.0,8.15,154.0,123.0,5
21.1,111.6,5.17,182.0,149.0,5
21.1,162.0,8.04,164.0,153.0,5
21.1,178.0,8.52,158.0,138.0,5
10.0,126.7,12.4,150.0,129.0,5
21.1,105.8,4.59,182.0,145.0,5
21.1,137.8,6.16,163.0,122.0,5
21.1,148.8,7.0,157.0,138.0,5
21.1,135.2,6.22,170.0,150.0,5
21.1,105.0,4.57,182.0,154.0,5
21.1,132.0,6.14,175.0,150.0,5
21.1,111.0,5.12,180.0,165.0,5
21.1,103.9,4.54,183.0,153.0,5
21.1,102.3,4.49,177.0,155.0,5
21.1,110.0,5.11,181.0,143.0,5
21.1,120.9,6.02,173.0,148.0,5
21.1,180.8,8.32,164.0,143.0,5
21.1,109.0,5.07,182.0,163.0,5
21.1,112.5,5.19,180.0,150.0,5
21.1,124.0,6.1,170.0,150.0,5
21.1,151.5,5.59,162.0,137.0,5
21.1,131.2,6.12,172.0,150.0,5
21.1,151.9,7.09,164.0,147.0,5
21.1,100.8,4.45,178.0,156.0,5
21.1,124.9,5.53,171.0,143.0,5
21.1,101.9,4.48,180.0,145.0,5
21.1,117.5,5.51,175.0,150.0,5
21.1,181.15,8.32,158.0,129.0,5
21.1,180.8,8.3,156.0,142.0,5
21.1,123.0,6.08,174.0,155.0,5
21.1,127.3,5.59,170.0,149.0,5
21.1,102.6,4.5,178.0,156.0,5
21.1,106.5,5.19,174.0,156.0,5
21.1,161.5,7.35,155.0,135.0,5
21.1,177.0,8.2,146.0,127.0,5
21.1,178.2,8.53,163.0,136.0,5
21.1,123.7,6.1,172.0,148.0,5
21.1,114.8,5.25,185.0,155.0,5
21.1,159.9,7.31,168.0,137.0,5
21.1,112.2,5.17,172.0,158.0,5
21.1,162.9,7.4,165.0,134.0,5
10.0,113.1,11.18,147.0,132.0,5
21.1,107.4,5.04,185.0,154.0,5
21.1,106.0,4.59,180.0,154.0,5
21.1,179.45,8.27,162.0,131.0,5
21.1,160.0,7.57,167.0,154.0,5
21.1,148.5,5.53,158.0,133.0,5
21.1,184.0,8.4,149.0,130.0,5
21.1,105.0,4.57,182.0,154.0,5
21.1,130.5,6.3,182.0,137.0,5
21.1,107.0,5.2,177.0,158.0,5
21.1,123.9,6.1,171.0,146.0,5
21.1,127.0,5.59,172.0,148.0,5
21.1,182.0,8.34,149.0,127.0,5
21.1,132.9,6.15,171.0,147.0,5
21.1,105.5,4.58,176.0,158.0,5
21.1,180.5,8.3,155.0,135.0,5
21.1,148.8,7.25,174.0,144.0,5
21.1,117.0,5.31,182.0,152.0,5
21.1,180.9,8.32,161.0,136.0,5
21.1,130.8,6.1,173.0,150.0,5
21.1,114.7,5.43,171.0,147.0,5
21.1,154.2,7.41,169.0,138.0,5
21.1,110.4,5.12,181.0,140.0,5
50.0,308.7,6.1,170.0,147.0,6
50.0,290.0,5.48,172.0,135.0,6
42.2,273.0,6.26,168.0,145.0,6
42.2,285.0,6.42,171.0,150.0,6
50.0,288.0,5.45,170.0,150.0,6
50.0,291.5,5.49,172.0,155.0,6
50.0,317.0,6.2,174.0,151.0,6
42.2,270.5,6.25,167.0,137.0,6
42.2,287.4,6.5,167.0,137.0,6
50.0,290.0,5.48,165.0,151.0,6
50.0,299.2,5.58,164.0,153.0,6
42.2,268.8,6.19,172.0,145.0,6
42.2,271.0,6.23,174.0,139.0,6
50.0,310.4,6.1,171.0,148.0,6
50.0,309.0,6.1,173.0,141.0,6
42.2,298.4,7.01,171.0,155.0,6
42.2,310.0,7.19,150.0,138.0,6
42.2,305.33,7.12,171.0,150.0,6
42.2,275.8,6.3,172.0,150.0,6
42.2,269.5,6.21,166.0,135.0,6
50.0,300.0,6.0,171.0,150.0,6
42.2,315.8,7.25,169.0,151.0,6
21.1,290.0,13.4,149.0,125.0,6
21.1,269.4,12.41,161.0,132.0,6
42.2,301.0,7.05,173.0,148.0,6
42.2,303.1,7.09,172.0,149.0,6
21.1,305.0,15.12,149.0,124.0,6
42.2,308.7,7.16,170.0,146.0,6
42.2,297.2,7.0,168.0,137.0,6
50.0,321.0,6.24,179.0,132.0,6
42.2,307.0,7.14,170.0,147.0,6
50.0,292.8,5.51,175.0,147.0,6
42.2,296.0,6.59,159.0,138.0,6
42.2,299.0,7.02,171.0,141.0,6
50.0,300.2,6.0,173.0,149.0,6
50.0,284.7,5.41,169.0,147.0,6
42.2,280.2,6.42,165.0,138.0,6
50.0,324.0,6.28,179.0,154.0,6
50.0,283.5,5.39,183.0,137.0,6
21.1,272.0,12.49,160.0,132.0,6
42.2,296.0,6.59,173.0,150.0,6
42.2,305.0,7.11,172.0,150.0,6
42.2,312.8,7.48,174.0,143.0,6
50.0,326.0,6.31,173.0,158.0,6
42.2,325.0,7.38,161.0,137.0,6
42.2,269.0,6.2,178.0,132.0,6
50.0,308.2,6.1,166.0,154.0,6
50.0,297.1,5.56,174.0,149.0,6
42.2,300.0,7.04,172.0,149.0,6
42.2,314.2,7.5,174.0,143.0,6
42.2,310.0,7.18,164.0,148.0,6
50.0,314.0,6.17,174.0,151.0,6
21.1,297.0,14.0,147.0,125.0,6
42.2,278.0,6.56,172.0,151.0,6
42.2,279.0,6.58,170.0,149.0,6
42.2,307.5,7.15,169.0,150.0,6
42.2,319.0,7.31,163.0,136.0,6
50.0,297.0,5.56,169.0,149.0,6
21.1,279.6,13.11,156.0,133.0,6
42.2,300.2,7.03,175.0,148.0,6
21.1,305.0,14.25,155.0,136.0,6
50.0,319.0,6.23,172.0,150.0,6
42.2,323.2,7.37,166.0,154.0,6
42.2,307.5,7.14,170.0,149.0,6
42.2,295.8,6.58,173.0,149.0,6
50.0,310.0,6.12,182.0,163.0,6
21.1,293.0,13.49,147.0,125.0,6
42.2,294.12,6.56,164.0,149.0,6
42.2,315.0,7.25,162.0,149.0,6
42.2,281.0,6.37,169.0,148.0,6
50.0,284.0,5.4,183.0,127.0,6
50.0,317.0,6.2,177.0,160.0,6
42.2,322.6,7.28,173.0,151.0,6
50.0,308.0,6.1,181.0,159.0,6
50.0,295.0,5.54,156.0,141.0,6
42.2,303.5,7.09,172.0,148.0,6
42.2,318.7,7.56,164.0,135.0,6
42.2,281.9,6.39,173.0,151.0,6
21.1,319.0,15.53,146.0,118.0,6
42.2,310.5,7.44,181.0,147.0,6
50.0,297.4,5.57,168.0,152.0,6
42.2,298.9,7.02,167.0,149.0,6
42.2,310.5,7.19,169.0,146.0,6
42.2,300.0,7.05,164.0,147.0,6
50.0,315.0,6.18,172.0,156.0,6
50.0,305.0,6.06,154.0,139.0,6
42.2,288.0,6.46,164.0,144.0,6
50.0,280.0,5.36,147.0,125.0,6
50.0,286.7,5.44,160.0,147.0,6
42.2,305.2,7.12,168.0,137.0,6
50.0,298.0,5.57,170.0,144.0,6
50.0,289.9,5.47,173.0,156.0,6
50.0,319.0,6.22,181.0,165.0,6
42.2,312.9,7.23,173.0,149.0,6
42.2,318.7,7.3,163.0,136.0,6
50.0,319.0,6.22,182.0,156.0,6
50.0,309.5,6.1,171.0,148.0,6
50.0,285.0,5.42,170.0,138.0,6
50.0,312.0,6.14,173.0,150.0,6
42.2,310.2,7.2,170.0,152.0,6
5.0,40.5,8.06,151.0,141.0,7
5.0,22.1,4.25,183.0,147.0,7
5.0,35.5,7.06,150.0,125.0,7
5.0,34.5,6.54,147.0,127.0,7
5.0,36.0,7.12,150.0,135.0,7
5.0,35.4,7.04,139.0,134.0,7
5.0,28.7,5.44,173.0,133.0,7
5.0,21.6,4.19,188.0,164.0,7
10.0,30.6,3.03,181.0,152.0,7
5.0,30.5,6.06,173.0,135.0,7
5.0,40.2,8.02,158.0,135.0,7
10.0,30.4,3.02,188.0,154.0,7
5.0,36.0,7.12,163.0,142.0,7
5.0,36.1,7.13,155.0,138.0,7
10.0,50.4,5.02,182.0,154.0,7
5.0,21.6,4.19,190.0,153.0,7
5.0,30.8,6.09,171.0,150.0,7
5.0,30.3,6.03,162.0,135.0,7
5.0,31.2,6.14,172.0,132.0,7
5.0,27.8,5.33,177.0,149.0,7
10.0,50.3,5.02,183.0,153.0,7
5.0,32.8,6.33,157.0,135.0,7
10.0,48.9,4.53,179.0,151.0,7
5.0,27.5,5.3,174.0,146.0,7
10.0,29.9,2.59,188.0,152.0,7
5.0,36.0,7.12,137.0,133.0,7
5.0,26.5,5.17,172.0,150.0,7
10.0,30.4,3.02,188.0,155.0,7
5.0,27.4,5.28,172.0,150.0,7
5.0,24.7,4.54,180.0,132.0,7
5.0,37.0,7.24,150.0,134.0,7
5.0,35.7,7.09,150.0,136.0,7
5.0,25.8,5.08,173.0,148.0,7
5.0,36.5,7.18,163.0,144.0,7
5.0,36.3,7.14,159.0,138.0,7
5.0,29.8,5.58,152.0,132.0,7
5.0,36.8,7.21,154.0,134.0,7
5.0,25.7,5.08,169.0,147.0,7
5.0,34.5,6.54,162.0,121.0,7
5.0,43.2,4.19,145.0,143.0,7
5.1,30.2,5.54,175.0,139.0,7
5.0,36.0,7.12,157.0,137.0,7
5.0,31.5,6.18,160.0,133.0,7
10.0,31.6,3.1,189.0,142.0,7
10.0,29.7,2.58,195.0,158.0,7
10.0,36.8,3.41,180.0,154.0,7
5.0,33.7,6.43,162.0,137.0,7
10.0,32.3,3.14,184.0,139.0,7
5.0,22.2,4.25,182.0,166.0,7
5.0,26.2,5.14,172.0,151.0,7
5.0,27.4,5.28,180.0,152.0,7
10.0,31.2,3.06,192.0,164.0,7
5.0,20.1,4.01,183.0,148.0,7
5.0,39.8,6.52,152.0,123.0,7
5.0,41.2,4.07,149.0,141.0,7
10.0,40.8,4.05,187.0,154.0,7
10.0,41.0,4.06,188.0,152.0,7
4.77,32.12,6.73,169.0,160.0,7
5.0,40.8,8.09,154.0,145.0,7
5.0,20.2,4.01,181.0,166.0,7
5.0,34.8,6.56,148.0,128.0,7
5.0,36.9,7.21,163.0,152.0,7
5.0,30.1,6.0,161.0,131.0,7
5.0,35.6,7.07,151.0,130.0,7
5.0,21.7,4.19,186.0,137.0,7
4.95,30.8,6.1,171.0,137.0,7
10.0,33.5,3.21,184.0,145.0,7
5.0,29.5,5.54,173.0,135.0,7
5.0,35.2,7.02,140.0,105.0,7
5.0,30.0,6.0,161.0,134.0,7
5.0,15.3,3.03,182.0,168.0,7
5.0,20.1,4.0,181.0,164.0,7
5.0,28.5,5.42,175.0,151.0,7
5.0,27.8,5.33,171.0,149.0,7
5.0,30.8,6.09,171.0,134.0,7
5.0,26.9,5.21,176.0,147.0,7
5.0,30.1,6.02,159.0,145.0,7
5.1,30.8,6.06,172.0,138.0,7
5.0,27.0,5.24,175.0,147.0,7
5.0,30.6,3.03,167.0,147.0,7
5.0,21.6,4.19,188.0,164.0,7
5.0,18.27,3.39,189.0,156.0,7
5.0,36.3,7.15,147.0,133.0,7
5.0,25.9,5.1,177.0,149.0,7
5.0,21.7,4.2,182.0,157.0,7
5.0,30.6,6.07,177.0,130.0,7
10.0,48.5,4.51,177.0,153.0,7
5.0,22.1,4.25,192.0,165.0,7
5.0,22.0,4.24,186.0,165.0,7
5.0,18.45,3.41,188.0,155.0,7
5.0,30.2,6.04,173.0,139.0,7
10.0,33.6,3.22,186.0,154.0,7
5.0,21.8,4.2,184.0,138.0,7
5.0,15.0,3.0,185.0,165.0,7
5.0,30.4,6.04,173.0,147.0,7
5.0,33.4,6.4,152.0,133.0,7
10.0,31.7,3.1,187.0,156.0,7
5.0,30.2,6.02,175.0,137.0,7
10.0,30.0,3.0,189.0,154.0,7
5.0,19.7,3.56,188.0,154.0,7
42.2,398.0,9.21,159.0,129.0,8
50.0,419.0,8.21,181.0,155.0,8
50.0,439.0,8.46,165.0,141.0,8
50.0,420.0,8.24,181.0,155.0,8
50.0,420.0,8.24,180.0,155.0,8
42.2,400.0,9.26,154.0,150.0,8
50.0,434.0,8.4,169.0,139.0,8
50.0,412.0,8.12,164.0,134.0,8
50.0,429.0,8.34,180.0,149.0,8
42.2,390.0,9.11,163.0,142.0,8
50.0,415.0,8.18,164.0,137.0,8
50.0,423.0,8.27,182.0,153.0,8
42.2,390.0,9.13,160.0,130.0,8
50.0,410.0,8.1,165.0,132.0,8
42.2,418.0,9.51,145.0,137.0,8
50.0,407.0,8.08,174.0,145.0,8
50.0,408.9,8.1,158.0,147.0,8
42.2,403.0,9.29,150.0,135.0,8
50.0,440.0,8.48,164.0,142.0,8
50.0,417.0,8.19,182.0,154.0,8
50.0,419.0,8.21,170.0,134.0,8
50.0,432.0,8.38,180.0,155.0,8
42.2,400.0,9.25,159.0,129.0,8
50.0,416.0,8.19,148.0,138.0,8
50.0,431.0,8.36,154.0,143.0,8
42.2,429.0,10.29,152.0,151.0,8
50.0,418.1,8.2,160.0,136.0,8
50.0,417.0,8.19,160.0,135.0,8
50.0,429.0,8.34,154.0,138.0,8
42.2,414.0,9.45,152.0,132.0,8
42.2,436.0,10.16,166.0,156.0,8
50.0,418.0,8.21,182.0,152.0,8
50.0,430.0,8.36,182.0,157.0,8
42.2,425.0,9.59,151.0,140.0,8
50.0,425.0,8.3,182.0,156.0,8
42.2,429.0,10.06,152.0,140.0,8
50.0,422.0,8.25,182.0,154.0,8
50.0,442.0,8.49,160.0,140.0,8
42.2,420.8,9.55,149.0,137.0,8
42.2,410.0,9.4,149.0,140.0,8
50.0,442.8,8.5,175.0,146.0,8
50.0,413.0,8.14,183.0,154.0,8
50.0,419.0,8.22,182.0,154.0,8
42.2,415.0,9.51,158.0,148.0,8
50.0,429.0,8.34,181.0,157.0,8
50.0,440.0,8.48,163.0,139.0,8
50.0,430.0,8.36,162.0,148.0,8
50.0,402.0,8.0,178.0,139.0,8
50.0,427.0,8.31,152.0,140.0,8
42.2,418.0,9.51,152.0,151.0,8
42.2,429.2,10.07,165.0,143.0,8
42.2,399.0,9.24,160.0,130.0,8
50.0,419.0,8.21,181.0,155.0,8
50.0,413.0,8.15,181.0,151.0,8
42.2,395.0,9.18,152.0,139.0,8
42.2,410.0,9.4,158.0,128.0,8
50.0,417.0,8.19,183.0,153.0,8
50.0,417.0,8.19,183.0,161.0,8
50.0,430.0,8.35,164.0,136.0,8
50.0,423.0,8.25,159.0,138.0,8
42.2,420.7,9.54,159.0,139.0,8
50.0,440.0,8.48,160.0,147.0,8
50.0,417.2,8.19,162.0,135.0,8
50.0,445.0,8.53,164.0,143.0,8
50.0,432.0,8.37,179.0,150.0,8
50.0,439.0,8.45,155.0,138.0,8
50.0,421.0,8.24,175.0,135.0,8
50.0,407.0,8.08,176.0,142.0,8
42.2,388.0,9.08,154.0,132.0,8
50.0,407.0,8.08,176.0,141.0,8
50.0,390.0,7.48,163.0,131.0,8
42.2,402.0,9.28,149.0,135.0,8
50.0,438.0,8.45,165.0,141.0,8
50.0,425.0,8.3,187.0,154.0,8
50.0,421.0,8.24,150.0,140.0,8
50.0,409.0,8.1,178.0,132.0,8
42.2,422.4,9.56,163.0,138.0,8
50.0,437.0,8.44,166.0,140.0,8
50.0,414.0,8.16,169.0,130.0,8
42.2,402.0,9.28,150.0,140.0,8
42.2,430.0,10.08,152.0,142.0,8
42.2,441.5,10.23,157.0,142.0,8
50.0,414.0,8.16,182.0,154.0,8
42.2,417.0,9.49,151.0,122.0,8
50.0,413.3,8.14,162.0,133.0,8
50.0,441.0,8.49,164.0,142.0,8
50.0,436.0,8.43,162.0,148.0,8
50.0,416.0,8.19,148.0,138.0,8
42.2,410.0,9.4,159.0,136.0,8
42.2,430.0,10.08,152.0,142.0,8
50.0,409.0,8.1,178.0,144.0,8
50.0,431.0,8.37,162.0,138.0,8
50.0,416.0,8.18,185.0,154.0,8
50.0,440.75,8.48,174.0,146.0,8
42.2,397.0,9.21,153.0,134.0,8
42.2,450.0,10.4,160.0,134.0,8
50.0,418.0,8.21,165.0,149.0,8
42.2,416.0,9.48,162.0,137.0,8
42.2,390.0,9.12,160.0,131.0,8
42.2,415.0,9.46,146.0,138.0,8
50.0,695.0,1.23,139.0,131.0,9
50.0,705.0,14.06,159.0,115.0,9
50.0,710.0,14.12,162.0,112.0,9
50.0,705.0,14.06,162.0,133.0,9
50.0,695.0,13.54,162.0,113.0,9
50.0,690.0,13.48,130.0,125.0,9
50.0,695.0,13.57,138.0,122.0,9
50.0,685.0,13.42,137.0,120.0,9
50.0,675.0,13.3,155.0,134.0,9
50.0,725.0,14.3,150.0,134.0,9
50.0,710.0,14.12,161.0,114.0,9
50.0,675.0,13.3,127.0,123.0,9
50.0,680.0,13.36,162.0,126.0,9
42.2,652.5,15.23,155.0,125.0,9
50.0,725.0,14.3,157.0,127.0,9
42.2,705.0,16.34,150.0,129.0,9
50.0,715.0,14.18,157.0,112.0,9
42.2,725.0,17.04,154.0,133.0,9
42.2,708.0,16.39,150.0,129.0,9
50.0,740.0,14.48,151.0,137.0,9
50.0,695.0,1.23,149.0,129.0,9
50.0,735.0,14.42,157.0,138.0,9
50.0,677.0,13.31,152.0,124.0,9
50.0,690.0,13.48,163.0,117.0,9
42.2,690.0,16.14,149.0,129.0,9
50.0,735.0,14.42,158.0,125.0,9
50.0,700.0,14.0,154.0,124.0,9
50.0,680.0,13.36,137.0,121.0,9
42.2,720.0,16.59,152.0,132.0,9
50.0,705.0,1.24,137.0,129.0,9
50.0,700.0,14.0,137.0,121.0,9
50.0,710.0,14.12,160.0,134.0,9
50.0,689.0,13.46,154.0,124.0,9
50.0,680.0,13.36,162.0,126.0,9
50.0,745.0,14.54,162.0,131.0,9
50.0,725.0,14.3,150.0,134.0,9
50.0,680.0,1.21,148.0,127.0,9
50.0,660.0,13.12,159.0,131.0,9
50.0,720.0,14.24,160.0,115.0,9
50.0,745.0,14.54,164.0,132.0,9
50.0,731.0,14.38,157.0,127.0,9
50.0,750.0,15.0,151.0,136.0,9
50.0,705.0,1.24,150.0,129.0,9
50.0,690.0,13.48,130.0,125.0,9
50.0,720.0,14.24,160.0,135.0,9
50.0,720.0,1.26,152.0,128.0,9
50.0,700.0,14.0,146.0,128.0,9
42.2,656.8,15.3,153.0,124.0,9
50.0,750.0,15.0,160.0,130.0,9
50.0,710.0,14.12,161.0,136.0,9
50.0,690.0,13.48,160.0,125.0,9
50.0,700.0,14.0,137.0,121.0,9
50.0,665.0,13.18,130.0,124.0,9
50.0,760.0,15.12,157.0,128.0,9
50.0,770.0,15.24,157.0,128.0,9
50.0,695.0,1.23,149.0,128.0,9
50.0,780.0,15.36,155.0,128.0,9
50.0,670.0,13.24,158.0,133.0,9
50.0,695.0,1.23,139.0,131.0,9
50.0,708.0,14.09,161.0,134.0,9
42.2,656.0,15.28,153.0,124.0,9
50.0,720.0,1.26,137.0,129.0,9
50.0,705.0,1.24,138.0,128.0,9
50.0,685.0,13.42,130.0,125.0,9
50.0,750.0,15.0,144.0,129.0,9
50.0,765.0,15.18,155.0,128.0,9
50.0,755.0,15.06,161.0,131.0,9
50.0,710.0,14.12,149.0,132.0,9
50.0,760.0,15.12,160.0,130.0,9
50.0,700.0,14.0,160.0,116.0,9
50.0,695.0,13.54,147.0,130.0,9
42.2,700.0,16.39,150.0,130.0,9
50.0,700.0,1.24,140.0,130.0,9
50.0,690.0,13.48,147.0,125.0,9
50.0,672.0,13.26,154.0,123.0,9
50.0,755.0,15.06,157.0,128.0,9
50.0,700.0,1.24,150.0,130.0,9
50.0,715.0,1.25,151.0,131.0,9
50.0,725.0,14.3,152.0,123.0,9
50.0,740.0,14.48,165.0,131.0,9
50.0,720.0,14.24,156.0,125.0,9
50.0,675.0,13.3,129.0,125.0,9
50.0,690.0,13.48,154.0,124.0,9
50.0,695.0,13.54,160.0,125.0,9
42.2,700.0,16.3,150.0,130.0,9
50.0,685.0,13.42,147.0,130.0,9
50.0,695.0,13.54,147.0,131.0,9
50.0,662.0,13.14,155.0,122.0,9
42.2,695.0,16.21,152.0,130.0,9
42.2,658.5,15.3,153.0,123.0,9
50.0,695.0,1.23,139.0,131.0,9
50.0,675.0,13.3,156.0,135.0,9
42.2,653.2,15.23,154.0,124.0,9
50.0,715.0,14.18,154.0,124.0,9
42.2,715.0,16.48,153.0,132.0,9
50.0,695.0,1.23,149.0,129.0,9
50.0,695.0,13.54,148.0,132.0,9
50.0,715.0,1.25,151.0,131.0,9
50.0,760.0,15.12,159.0,129.0,9
50.0,694.0,13.52,148.0,126.0,9
